feature,coefficient,abs_impact,direction
compliance_score_final,-3.081067984513415,3.081067984513415,Negative
reporting_structure_Centralized,-0.9124462483359007,0.9124462483359007,Negative
division_Unknown,-0.8906973508318201,0.8906973508318201,Negative
primary_function_Finance,-0.729453817252881,0.729453817252881,Negative
secondary_function_Unknown,-0.5283057235660242,0.5283057235660242,Negative
