feature,coefficient,abs_impact,direction
compliance_score_final,-3.0810679845136035,3.0810679845136035,Negative
reporting_structure_Centralized,-0.912446248335928,0.912446248335928,Negative
division_Unknown,-0.890697350831488,0.890697350831488,Negative
primary_function_Finance,-0.7294538172532902,0.7294538172532902,Negative
secondary_function_Unknown,-0.5283057235659526,0.5283057235659526,Negative
